{"Enters":3,"Weights":[[[-4.107917525391824,4.643731994773943,1.2997609907356096],[-0.13542632330250792,-0.9378194728797907,0.5270768396719007],[1.2664810813509997,0.7082366849161896,-3.8011195128114186]],[[-3.053233940079839,1.9958516240597521,8.158380095241515],[4.639046539069577,-1.714987556643079,-2.734287466623622]],[[8.171097479406761,-7.314367524721183]]]}